sku,品类,主元素,主色调,满印,IP可见,M,C,S,R,D,总分,GCS指数,强度
sku-01,T恤,人物,白,否,否,3,2,0,3,2,10,0.667,强
sku-02,T恤,花卉,蓝,是,否,3,2,0,3,3,11,0.733,强
sku-03,T恤,几何图腾,黑,否,否,2,2,0,2,2,8,0.533,强
sku-04,T恤,神兽动物,白,是,否,3,2,0,3,3,11,0.733,强
sku-05,裤装,花卉,红,是,否,3,1,0,2,3,9,0.600,强
sku-06,卫衣,器物乐器,白,否,否,2,3,2,2,1,10,0.667,强
sku-07,卫衣,神兽动物,红,否,否,2,3,3,2,1,11,0.733,强
sku-08,卫衣,花卉,黑,否,否,2,3,2,2,1,10,0.667,强
sku-09,卫衣,神兽动物,粉,否,否,2,3,1,2,1,9,0.600,强
sku-10,卫衣,神兽动物,黑,否,否,2,2,3,2,1,10,0.667,强
sku-11,外套,花卉,粉,否,否,2,3,3,1,2,11,0.733,强
sku-12,外套,花卉,紫,否,否,3,3,3,1,3,13,0.867,极强
sku-13,外套,神兽动物,红,否,否,1,2,2,3,1,9,0.600,强
sku-14,裙装,花卉,红,否,否,3,3,3,2,3,14,0.933,极强
sku-15,裙装,山水,黑,否,否,2,1,2,2,1,8,0.533,强
sku-16,裙装,人物,蓝,否,否,3,3,3,2,3,14,0.933,极强
